improvement_mean,max,zero_percentage
26.389212349367646,63.561876608648774,9.230000000000004
2.810975199999998