improvement_mean,max,zero_percentage
24.70618241115346,63.89195893689626,12.299999999999997
1.7288256000000004