improvement_mean,max,zero_percentage
27.027749483819637,65.02370574745612,7.859999999999999
5.236699099999996