improvement_mean,max,zero_percentage
26.692889916171833,65.85125010559774,9.180000000000007
2.9673032000000035