improvement_mean,max,zero_percentage
27.229881552087125,64.37457664796037,7.819999999999993
6.206786399999999