improvement_mean,max,zero_percentage
27.183520954350417,65.6745613964833,7.859999999999999
4.796654100000012