improvement_mean,max,zero_percentage
26.797416174030893,64.66874075677099,8.349999999999994
5.498273100000006