improvement_mean,max,zero_percentage
27.288413305953277,63.746963499886505,8.049999999999997
5.6090408000000025