improvement_mean,max,zero_percentage
27.7441180299547,64.26889002577977,7.640000000000001
7.0600312999999915