improvement_mean,max,zero_percentage
8.8557591775735,65.0200259625223,53.9
0.1317593