improvement_mean,max,zero_percentage
27.147592145362083,63.138668394477044,7.930000000000007
4.9261127999999985