improvement_mean,max,zero_percentage
26.95508640420842,65.11668360763935,8.549999999999997
3.6928046999999964