improvement_mean,max,zero_percentage
27.237934963022163,65.47791429167381,7.8799999999999955
4.2990803