improvement_mean,max,zero_percentage
27.318747255305386,64.7076008467775,7.579999999999998
6.822416500000003