improvement_mean,max,zero_percentage
26.324050026183773,64.18622111527108,9.980000000000004
2.6500647000000015