improvement_mean,max,zero_percentage
25.160957556590734,64.87732444030597,11.079999999999998
2.02928