improvement_mean,max,zero_percentage
27.19964593832399,63.19999393665991,8.340000000000003
5.896303499999988