improvement_mean,max,zero_percentage
27.410553019885636,64.94611241355102,7.719999999999999
5.344914899999992