improvement_mean,max,zero_percentage
27.311142666600364,63.61810419364939,8.010000000000005
5.715647699999991