improvement_mean,max,zero_percentage
23.181598518471443,64.42575801203442,14.090000000000003
1.1705019000000005