improvement_mean,max,zero_percentage
27.134660031307174,64.90036633640297,8.079999999999998
4.6195141000000035