improvement_mean,max,zero_percentage
20.070225213182987,64.34262057613918,20.599999999999994
0.6550069999999999