improvement_mean,max,zero_percentage
24.166357743332632,65.04907156740657,12.61
1.5696615000000005