improvement_mean,max,zero_percentage
16.31581245008289,65.75464581586232,29.08
0.404054