improvement_mean,max,zero_percentage
26.881886740133968,63.88291341527058,8.549999999999997
3.5145874000000035