improvement_mean,max,zero_percentage
27.184454419793767,63.893828518561534,8.230000000000004
6.378844999999984