improvement_mean,max,zero_percentage
26.947270056854048,64.81470248826952,8.780000000000001
3.7514202999999995