improvement_mean,max,zero_percentage
21.895370446113628,63.06773144977642,16.5
0.9092121