improvement_mean,max,zero_percentage
22.709907774177054,64.37239127672,14.810000000000002
1.0368586000000004