improvement_mean,max,zero_percentage
25.383330086639635,64.21484219149669,10.819999999999993
1.9240518000000009