improvement_mean,max,zero_percentage
26.904102558962773,63.74599915167204,8.540000000000006
3.2593253000000004