improvement_mean,max,zero_percentage
27.388490737964727,63.90205034606948,7.760000000000005
6.7971793000000105