improvement_mean,max,zero_percentage
27.29559967983109,64.8158337465957,8.060000000000002
4.544527000000002