improvement_mean,max,zero_percentage
13.71651476630746,60.95864465328553,36.63
0.3253839