improvement_mean,max,zero_percentage
27.373068488109524,64.95652418291428,7.930000000000007
5.131527300000002