improvement_mean,max,zero_percentage
26.945492918211016,65.20100105483841,8.629999999999995
4.168906700000008