improvement_mean,max,zero_percentage
27.50541003939631,64.59864462847793,7.810000000000002
4.960119199999994