improvement_mean,max,zero_percentage
26.444809863721193,63.2210737480949,9.36
2.704938000000002