improvement_mean,max,zero_percentage
18.387682962352045,62.97420743136825,23.819999999999993
0.5606634