improvement_mean,max,zero_percentage
27.36340889282513,63.71364970873453,7.760000000000005
6.5873319000000095