improvement_mean,max,zero_percentage
21.240108983427614,65.45424887893549,18.060000000000002
0.7906697999999999