improvement_mean,max,zero_percentage
25.753793052114833,63.70353694977118,10.739999999999995
2.3555902000000017