improvement_mean,max,zero_percentage
27.400731922843434,64.20333764479011,7.909999999999997
4.659103299999998