improvement_mean,max,zero_percentage
27.078168442952347,64.74053479999814,8.180000000000007
3.8098715