improvement_mean,max,zero_percentage
26.07079323134328,64.29602773716495,9.670000000000002
2.6949398