improvement_mean,max,zero_percentage
23.797861641612272,64.57432754907543,13.730000000000004
1.4587212000000003