improvement_mean,max,zero_percentage
25.30175848854083,64.60884785522862,10.769999999999996
2.2927704999999996