improvement_mean,max,zero_percentage
24.93732224542858,63.57396738843958,11.519999999999996
1.8398081999999985