improvement_mean,max,zero_percentage
26.963611677461287,64.91794712594199,8.510000000000005
4.163540900000001