improvement_mean,max,zero_percentage
26.18285032588539,64.51615881498765,9.370000000000005
2.5813977